qseqid	sseqid	pident	length	mismatch	gapopen	qstart	qend	sstart	send	evalue	bitscore	genome
AAW62376.2	KBFOAK_02535	76.815	854	188	6	19	866	12	861	0.0	1246	Cellulomonas_algicola
AAW62376.2	KBFOAK_02535	65.979	291	96	2	676	965	765	1053	1.00e-88	303	Cellulomonas_algicola
AAW62376.2	KBFOAK_01408	55.949	311	118	11	663	966	792	1090	8.09e-74	261	Cellulomonas_algicola
AAW62376.2	KBFOAK_01408	53.476	187	76	6	677	861	712	889	1.63e-27	117	Cellulomonas_algicola
AAW62376.2	KBFOAK_02105	55.229	306	123	6	665	966	446	741	1.51e-73	254	Cellulomonas_algicola
AAW62376.2	KBFOAK_02105	49.007	151	57	6	762	909	445	578	2.22e-14	74.3	Cellulomonas_algicola
AAW62376.2	KBFOAK_00604	52.901	293	130	7	677	966	626	913	3.16e-67	239	Cellulomonas_algicola
AAW62376.2	KBFOAK_00604	45.509	167	72	6	759	923	609	758	8.95e-11	62.8	Cellulomonas_algicola
AAW62376.2	KBFOAK_02106	45.066	304	154	6	665	966	573	865	7.19e-46	175	Cellulomonas_algicola
AAW62376.2	KBFOAK_02106	48.691	191	88	4	664	853	477	658	7.50e-25	108	Cellulomonas_algicola
AAW62376.2	KBFOAK_03520	44.175	206	107	5	763	966	247	446	2.73e-36	140	Cellulomonas_algicola
AAW62376.2	KBFOAK_03520	52.577	97	44	1	665	761	247	341	1.27e-17	83.6	Cellulomonas_algicola
AAW62376.2	KBFOAK_02093	50.495	101	49	1	867	966	828	928	1.42e-26	114	Cellulomonas_algicola
AAW62376.2	KBFOAK_00944	49.515	103	51	1	865	966	392	494	1.08e-22	99.8	Cellulomonas_algicola
AAW62376.2	KBFOAK_02832	43.925	107	59	1	861	966	359	465	2.47e-21	95.5	Cellulomonas_algicola
AAW62376.2	KBFOAK_02445	46.602	103	54	1	864	965	123	225	3.27e-21	95.9	Cellulomonas_algicola
AAW62376.2	KBFOAK_00616	45.732	164	79	4	694	856	823	977	3.15e-20	93.6	Cellulomonas_algicola
AAW62376.2	KBFOAK_03321	46.000	100	53	1	867	965	38	137	9.54e-20	91.3	Cellulomonas_algicola
AAW62376.2	KBFOAK_00852	41.748	103	59	1	865	966	134	236	4.33e-19	84.7	Cellulomonas_algicola
AAW62376.2	KBFOAK_03343	38.614	101	61	1	867	966	34	134	6.64e-18	85.1	Cellulomonas_algicola
AAW62376.2	KBFOAK_03401	42.000	100	57	1	867	965	35	134	1.67e-17	83.6	Cellulomonas_algicola
AAW62376.2	KBFOAK_01397	39.394	99	59	1	867	965	42	139	5.95e-15	75.1	Cellulomonas_algicola
AAW62376.2	KBFOAK_03459	41.237	97	55	2	867	961	33	129	6.25e-15	76.3	Cellulomonas_algicola
AAW62376.2	KBFOAK_02622	41.176	102	56	3	867	966	42	141	1.80e-14	73.6	Cellulomonas_algicola
AAW62376.2	KBFOAK_03083	35.417	96	61	1	867	961	35	130	7.15e-13	68.6	Cellulomonas_algicola
AAW62376.2	KBFOAK_03056	38.462	117	68	3	851	965	29	143	5.69e-12	66.2	Cellulomonas_algicola
AAW62376.2	KBFOAK_02335	26.431	367	214	16	93	428	476	817	1.90e-11	65.1	Cellulomonas_algicola
ABD96969.1	KBFOAK_03715	80.328	61	12	0	69	129	80	140	7.31e-31	111	Cellulomonas_algicola
ABD96969.1	KBFOAK_03693	80.328	61	12	0	69	129	3	63	1.80e-29	107	Cellulomonas_algicola
ABD96969.1	KBFOAK_00944	43.564	101	40	4	29	129	60	143	7.90e-19	78.2	Cellulomonas_algicola
ABD96969.1	KBFOAK_03200	42.857	56	32	0	69	124	602	657	1.85e-13	62.8	Cellulomonas_algicola
ABD96969.1	KBFOAK_03859	42.647	68	38	1	53	120	218	284	1.00e-12	60.5	Cellulomonas_algicola
AAD48494.3	KBFOAK_02105	60.957	397	150	5	46	440	40	433	9.15e-177	515	Cellulomonas_algicola
AAD48494.3	KBFOAK_02105	64.103	78	28	0	495	572	664	741	5.00e-25	106	Cellulomonas_algicola
AAD48494.3	KBFOAK_01408	65.385	78	27	0	495	572	1013	1090	8.69e-26	109	Cellulomonas_algicola
AAD48494.3	KBFOAK_02106	59.756	82	33	0	493	574	786	867	5.31e-24	103	Cellulomonas_algicola
AAD48494.3	KBFOAK_02093	52.500	80	38	0	493	572	849	928	3.57e-22	98.2	Cellulomonas_algicola
AAD48494.3	KBFOAK_00604	56.579	76	33	0	496	571	837	912	2.75e-21	95.1	Cellulomonas_algicola
AAD48494.3	KBFOAK_00944	55.696	79	35	0	496	574	418	496	1.33e-18	85.9	Cellulomonas_algicola
AAD48494.3	KBFOAK_03343	52.703	74	35	0	499	572	61	134	1.07e-17	83.2	Cellulomonas_algicola
AAD48494.3	KBFOAK_03321	48.649	74	38	0	498	571	64	137	9.68e-16	77.0	Cellulomonas_algicola
AAD48494.3	KBFOAK_02832	48.718	78	40	0	497	574	390	467	1.26e-15	76.3	Cellulomonas_algicola
AAD48494.3	KBFOAK_03401	47.945	73	38	0	499	571	62	134	1.39e-15	76.3	Cellulomonas_algicola
AAD48494.3	KBFOAK_00852	48.000	75	39	0	499	573	163	237	2.12e-15	73.2	Cellulomonas_algicola
AAD48494.3	KBFOAK_02445	46.667	75	40	0	497	571	151	225	3.31e-15	75.5	Cellulomonas_algicola
AAD48494.3	KBFOAK_02535	53.247	77	35	1	495	571	978	1053	3.52e-15	75.9	Cellulomonas_algicola
AAD48494.3	KBFOAK_03083	47.826	69	36	0	499	567	62	130	6.77e-14	70.9	Cellulomonas_algicola
AAD48494.3	KBFOAK_01809	50.000	68	30	1	495	562	401	464	1.16e-12	67.0	Cellulomonas_algicola
AAD48494.3	KBFOAK_02622	46.053	76	41	0	499	574	68	143	3.75e-12	65.5	Cellulomonas_algicola
AAD48494.3	KBFOAK_03459	47.887	71	36	1	498	567	59	129	4.24e-12	65.9	Cellulomonas_algicola
AAD48494.3	KBFOAK_03520	43.421	76	43	0	499	574	373	448	5.42e-12	64.7	Cellulomonas_algicola
AAD48494.3	KBFOAK_01397	39.726	73	44	0	499	571	67	139	5.84e-11	61.6	Cellulomonas_algicola
AAW62376.2	NDFEDG_01231	68.399	943	278	9	43	966	42	983	0.0	1254	Cellulomonas_cellasea
AAW62376.2	NDFEDG_02689	53.774	318	129	7	656	966	463	769	4.70e-72	251	Cellulomonas_cellasea
AAW62376.2	NDFEDG_02689	52.941	119	51	3	746	864	455	568	1.03e-19	91.7	Cellulomonas_cellasea
AAW62376.2	NDFEDG_01200	51.020	294	137	6	677	966	626	916	4.65e-69	245	Cellulomonas_cellasea
AAW62376.2	NDFEDG_00561	48.065	310	148	6	659	966	691	989	4.11e-61	222	Cellulomonas_cellasea
AAW62376.2	NDFEDG_02688	44.892	372	165	13	610	966	402	748	1.69e-60	218	Cellulomonas_cellasea
AAW62376.2	NDFEDG_00124	50.943	106	51	1	861	965	348	453	1.82e-24	104	Cellulomonas_cellasea
AAW62376.2	NDFEDG_02055	42.079	202	102	5	767	962	649	841	1.87e-22	100	Cellulomonas_cellasea
AAW62376.2	NDFEDG_02946	44.211	190	92	5	660	844	791	971	2.83e-21	97.1	Cellulomonas_cellasea
AAW62376.2	NDFEDG_02946	51.579	95	40	2	752	844	785	875	9.68e-13	69.3	Cellulomonas_cellasea
AAW62376.2	NDFEDG_01497	49.000	100	50	1	867	966	39	137	4.23e-20	91.3	Cellulomonas_cellasea
AAW62376.2	NDFEDG_01434	46.078	102	53	2	867	966	33	134	5.43e-19	89.4	Cellulomonas_cellasea
AAW62376.2	NDFEDG_00703	41.584	101	58	1	867	966	34	134	4.05e-18	85.9	Cellulomonas_cellasea
AAW62376.2	NDFEDG_04155	41.176	102	59	1	865	965	47	148	7.32e-18	84.7	Cellulomonas_cellasea
AAW62376.2	NDFEDG_00878	40.777	103	58	2	865	966	273	373	8.61e-16	77.4	Cellulomonas_cellasea
AAW62376.2	NDFEDG_01796	40.625	96	56	1	867	961	35	130	1.30e-15	77.8	Cellulomonas_cellasea
AAW62376.2	NDFEDG_01792	31.429	210	124	6	763	966	64	259	1.38e-15	75.1	Cellulomonas_cellasea
AAW62376.2	NDFEDG_00162	40.171	117	63	5	855	966	408	522	4.64e-14	72.8	Cellulomonas_cellasea
AAW62376.2	NDFEDG_01797	36.634	101	63	1	867	966	35	135	4.76e-14	72.4	Cellulomonas_cellasea
ABD96969.1	NDFEDG_02915	85.246	61	9	0	69	129	80	140	3.48e-32	115	Cellulomonas_cellasea
ABD96969.1	NDFEDG_00814	77.049	61	14	0	69	129	76	136	2.32e-29	107	Cellulomonas_cellasea
AAD48494.3	NDFEDG_02688	60.606	396	152	4	46	440	43	435	7.94e-177	515	Cellulomonas_cellasea
AAD48494.3	NDFEDG_02688	62.821	78	29	0	495	572	671	748	4.56e-24	103	Cellulomonas_cellasea
AAD48494.3	NDFEDG_01231	66.667	78	26	0	495	572	906	983	9.90e-26	109	Cellulomonas_cellasea
AAD48494.3	NDFEDG_00561	60.526	76	30	0	497	572	914	989	3.34e-23	101	Cellulomonas_cellasea
AAD48494.3	NDFEDG_01200	53.846	78	36	0	495	572	839	916	5.89e-21	94.4	Cellulomonas_cellasea
AAD48494.3	NDFEDG_02689	51.852	81	39	0	492	572	689	769	6.17e-21	94.0	Cellulomonas_cellasea
AAD48494.3	NDFEDG_02672	57.692	78	33	0	497	574	844	921	1.81e-20	92.8	Cellulomonas_cellasea
AAD48494.3	NDFEDG_00703	57.143	77	33	0	498	574	60	136	1.30e-19	89.4	Cellulomonas_cellasea
AAD48494.3	NDFEDG_01434	55.263	76	33	1	498	572	59	134	1.11e-16	80.5	Cellulomonas_cellasea
AAD48494.3	NDFEDG_00124	48.052	77	40	0	495	571	377	453	1.25e-16	79.3	Cellulomonas_cellasea
AAD48494.3	NDFEDG_01797	44.737	76	42	0	499	574	62	137	1.41e-14	73.2	Cellulomonas_cellasea
AAD48494.3	NDFEDG_04155	44.595	74	41	0	498	571	75	148	8.13e-14	70.9	Cellulomonas_cellasea
AAD48494.3	NDFEDG_00878	47.368	76	38	1	497	572	300	373	2.27e-13	68.9	Cellulomonas_cellasea
AAD48494.3	NDFEDG_01497	44.595	74	41	0	498	571	63	136	5.94e-13	67.8	Cellulomonas_cellasea
AAD48494.3	NDFEDG_01796	46.377	69	37	0	499	567	62	130	2.28e-12	66.2	Cellulomonas_cellasea
AAD48494.3	NDFEDG_00441	51.389	72	34	1	495	565	399	470	5.07e-11	62.0	Cellulomonas_cellasea
AAW62376.2	CKJGAP_01379	41.304	92	51	2	876	966	61	150	3.44e-11	63.5	Cellulomonas_composti
ABD96969.1	CKJGAP_02725	40.000	60	36	0	70	129	79	138	3.49e-11	55.8	Cellulomonas_composti
AAW62376.2	BNINGP_00021	73.068	880	222	7	23	901	7	872	0.0	1178	Cellulomonas_fimi
AAW62376.2	BNINGP_00021	63.574	291	103	2	676	965	756	1044	1.08e-96	325	Cellulomonas_fimi
AAW62376.2	BNINGP_03454	53.698	311	125	9	663	966	792	1090	5.50e-72	255	Cellulomonas_fimi
AAW62376.2	BNINGP_03454	46.729	214	92	6	677	877	712	916	1.33e-31	130	Cellulomonas_fimi
AAW62376.2	BNINGP_00048	53.265	291	129	6	678	966	627	912	4.38e-69	245	Cellulomonas_fimi
AAW62376.2	BNINGP_01949	52.733	311	123	8	665	966	450	745	6.57e-65	230	Cellulomonas_fimi
AAW62376.2	BNINGP_01950	50.485	309	135	8	665	966	573	870	2.55e-53	197	Cellulomonas_fimi
AAW62376.2	BNINGP_01950	47.208	197	88	6	651	844	469	652	6.46e-20	92.4	Cellulomonas_fimi
AAW62376.2	BNINGP_03838	44.059	202	104	3	668	869	798	990	2.93e-28	119	Cellulomonas_fimi
AAW62376.2	BNINGP_01938	54.455	101	45	1	867	966	816	916	5.54e-27	115	Cellulomonas_fimi
AAW62376.2	BNINGP_01283	42.308	104	59	1	864	966	405	508	1.66e-22	99.4	Cellulomonas_fimi
AAW62376.2	BNINGP_00347	40.196	102	59	2	867	966	33	134	1.31e-16	81.3	Cellulomonas_fimi
AAW62376.2	BNINGP_03236	36.000	100	62	2	864	962	33	131	3.20e-13	69.7	Cellulomonas_fimi
ABD96969.1	BNINGP_03205	77.049	61	14	0	69	129	81	141	1.34e-29	108	Cellulomonas_fimi
ABD96969.1	BNINGP_00090	80.328	61	12	0	69	129	76	136	1.88e-29	107	Cellulomonas_fimi
ABD96969.1	BNINGP_01283	42.574	101	41	4	29	129	85	168	7.12e-18	75.1	Cellulomonas_fimi
ABD96969.1	BNINGP_00574	46.154	52	28	0	69	120	602	653	7.47e-14	63.9	Cellulomonas_fimi
AAD48494.3	BNINGP_01949	59.059	425	166	7	19	440	18	437	3.73e-180	524	Cellulomonas_fimi
AAD48494.3	BNINGP_01949	62.025	79	30	0	495	573	668	746	1.64e-24	105	Cellulomonas_fimi
AAD48494.3	BNINGP_01950	61.728	81	31	0	492	572	790	870	1.52e-25	108	Cellulomonas_fimi
AAD48494.3	BNINGP_01938	60.000	80	32	0	495	574	839	918	2.48e-24	104	Cellulomonas_fimi
AAD48494.3	BNINGP_03454	69.014	71	22	0	502	572	1020	1090	1.03e-23	102	Cellulomonas_fimi
AAD48494.3	BNINGP_01283	53.247	77	36	0	496	572	432	508	1.91e-21	94.7	Cellulomonas_fimi
AAD48494.3	BNINGP_00048	53.247	77	36	0	495	571	835	911	4.67e-21	94.4	Cellulomonas_fimi
AAD48494.3	BNINGP_00021	50.649	77	37	1	495	571	969	1044	4.09e-18	85.1	Cellulomonas_fimi
AAD48494.3	BNINGP_00347	50.000	78	38	1	498	574	59	136	3.56e-15	75.5	Cellulomonas_fimi
AAD48494.3	BNINGP_03236	46.377	69	37	0	499	567	62	130	1.35e-12	66.6	Cellulomonas_fimi
AAW62376.2	IDLHCB_00018	63.317	995	312	12	15	966	4	988	0.0	1147	Cellulomonas_flavigena
AAW62376.2	IDLHCB_00142	35.169	708	344	23	51	659	29	720	3.66e-90	303	Cellulomonas_flavigena
AAW62376.2	IDLHCB_00183	65.217	92	32	0	875	966	505	596	7.40e-33	132	Cellulomonas_flavigena
AAW62376.2	IDLHCB_00917	55.660	106	45	1	863	966	585	690	2.70e-30	125	Cellulomonas_flavigena
AAW62376.2	IDLHCB_03612	56.190	105	45	1	863	966	671	775	4.79e-30	124	Cellulomonas_flavigena
AAW62376.2	IDLHCB_01926	54.717	106	46	1	863	966	541	646	6.67e-30	123	Cellulomonas_flavigena
AAW62376.2	IDLHCB_03152	55.140	107	46	1	862	966	748	854	8.35e-30	124	Cellulomonas_flavigena
AAW62376.2	IDLHCB_02548	48.544	103	52	1	865	966	385	487	4.52e-25	107	Cellulomonas_flavigena
AAW62376.2	IDLHCB_01927	44.118	102	57	0	865	966	494	595	1.37e-22	100	Cellulomonas_flavigena
AAW62376.2	IDLHCB_01937	48.515	101	51	1	867	966	712	812	5.29e-21	95.5	Cellulomonas_flavigena
AAW62376.2	IDLHCB_02959	38.614	101	61	1	867	966	43	143	1.55e-15	77.4	Cellulomonas_flavigena
AAW62376.2	IDLHCB_02960	38.614	101	61	1	867	966	43	143	1.77e-15	77.0	Cellulomonas_flavigena
AAW62376.2	IDLHCB_03090	41.584	101	57	2	867	965	33	133	4.00e-15	76.6	Cellulomonas_flavigena
AAW62376.2	IDLHCB_03167	35.652	115	73	1	851	965	26	139	2.29e-13	70.1	Cellulomonas_flavigena
AAW62376.2	IDLHCB_03217	47.674	86	42	3	864	947	393	477	7.35e-12	65.5	Cellulomonas_flavigena
AAW62376.2	IDLHCB_03543	41.573	89	50	2	864	951	372	459	4.93e-11	62.8	Cellulomonas_flavigena
AAW62376.2	IDLHCB_01538	24.892	462	267	18	93	505	489	919	7.75e-11	62.8	Cellulomonas_flavigena
ABD96969.1	IDLHCB_03580	85.246	61	9	0	69	129	76	136	1.26e-32	116	Cellulomonas_flavigena
ABD96969.1	IDLHCB_03607	81.967	61	11	0	69	129	79	139	2.27e-31	114	Cellulomonas_flavigena
ABD96969.1	IDLHCB_03607	81.967	61	11	0	69	129	437	497	3.88e-31	113	Cellulomonas_flavigena
ABD96969.1	IDLHCB_02057	81.967	61	11	0	69	129	357	417	8.17e-31	112	Cellulomonas_flavigena
ABD96969.1	IDLHCB_00249	78.689	61	13	0	69	129	615	675	1.56e-29	108	Cellulomonas_flavigena
ABD96969.1	IDLHCB_02526	78.689	61	13	0	69	129	78	138	5.04e-29	107	Cellulomonas_flavigena
ABD96969.1	IDLHCB_02526	73.770	61	16	0	69	129	431	491	3.27e-27	102	Cellulomonas_flavigena
ABD96969.1	IDLHCB_00381	75.410	61	15	0	69	129	78	138	1.27e-28	105	Cellulomonas_flavigena
ABD96969.1	IDLHCB_03071	73.333	60	16	0	70	129	77	136	2.61e-26	99.4	Cellulomonas_flavigena
ABD96969.1	IDLHCB_02366	44.262	61	34	0	69	129	80	140	8.25e-16	68.9	Cellulomonas_flavigena
ABD96969.1	IDLHCB_00917	40.000	60	36	0	69	128	231	290	2.99e-13	62.0	Cellulomonas_flavigena
ABD96969.1	IDLHCB_03596	35.135	74	42	2	58	127	79	150	1.22e-11	57.4	Cellulomonas_flavigena
AAD48494.3	IDLHCB_01927	57.569	436	178	7	7	440	1	431	4.18e-172	498	Cellulomonas_flavigena
AAD48494.3	IDLHCB_01927	66.667	78	26	0	497	574	520	597	1.94e-25	107	Cellulomonas_flavigena
AAD48494.3	IDLHCB_00917	60.256	78	29	1	497	572	613	690	8.26e-24	102	Cellulomonas_flavigena
AAD48494.3	IDLHCB_03152	60.256	78	29	1	497	572	777	854	1.71e-23	102	Cellulomonas_flavigena
AAD48494.3	IDLHCB_00018	64.789	71	25	0	502	572	918	988	5.19e-23	100	Cellulomonas_flavigena
AAD48494.3	IDLHCB_02548	58.974	78	32	0	495	572	410	487	5.61e-23	99.0	Cellulomonas_flavigena
AAD48494.3	IDLHCB_01926	57.692	78	31	1	497	572	569	646	3.92e-22	97.4	Cellulomonas_flavigena
AAD48494.3	IDLHCB_03612	57.692	78	33	0	495	572	698	775	7.73e-22	96.7	Cellulomonas_flavigena
AAD48494.3	IDLHCB_00183	56.164	73	32	0	502	574	526	598	5.32e-20	90.5	Cellulomonas_flavigena
AAD48494.3	IDLHCB_01937	52.500	80	38	0	495	574	735	814	3.21e-18	85.1	Cellulomonas_flavigena
AAD48494.3	IDLHCB_03167	54.054	74	34	0	498	571	66	139	7.14e-17	80.1	Cellulomonas_flavigena
AAD48494.3	IDLHCB_02960	47.297	74	39	0	499	572	70	143	5.37e-16	77.4	Cellulomonas_flavigena
AAD48494.3	IDLHCB_03090	49.333	75	37	1	498	571	59	133	1.84e-15	76.3	Cellulomonas_flavigena
AAD48494.3	IDLHCB_02959	47.368	76	40	0	499	574	70	145	1.96e-15	75.9	Cellulomonas_flavigena
AAD48494.3	IDLHCB_02854	55.385	65	29	0	495	559	407	471	5.42e-14	71.2	Cellulomonas_flavigena
AAD48494.3	IDLHCB_03217	53.846	65	30	0	495	559	419	483	6.06e-13	67.8	Cellulomonas_flavigena
AAD48494.3	IDLHCB_03219	50.769	65	30	1	495	559	472	534	2.41e-11	62.8	Cellulomonas_flavigena
AAD48494.3	IDLHCB_03071	52.439	82	38	1	493	574	403	483	8.66e-11	61.6	Cellulomonas_flavigena
AAW62376.2	EKNMMA_00825	83.333	930	151	2	40	966	32	960	0.0	1454	Cellulomonas_fulva
AAW62376.2	EKNMMA_01476	55.629	302	119	9	668	966	797	1086	1.61e-70	251	Cellulomonas_fulva
AAW62376.2	EKNMMA_01476	45.118	297	130	13	583	864	614	892	4.64e-31	128	Cellulomonas_fulva
AAW62376.2	EKNMMA_02513	51.692	325	132	10	659	966	441	757	3.33e-63	225	Cellulomonas_fulva
AAW62376.2	EKNMMA_02512	49.091	220	92	3	763	966	448	663	3.12e-43	164	Cellulomonas_fulva
AAW62376.2	EKNMMA_00209	50.000	104	51	1	864	966	586	689	1.10e-26	113	Cellulomonas_fulva
AAW62376.2	EKNMMA_01933	49.515	103	51	1	865	966	390	492	1.66e-25	108	Cellulomonas_fulva
AAW62376.2	EKNMMA_00930	50.485	103	50	1	865	966	832	934	4.21e-25	108	Cellulomonas_fulva
AAW62376.2	EKNMMA_01431	43.564	101	56	1	867	966	84	184	2.44e-19	89.4	Cellulomonas_fulva
AAW62376.2	EKNMMA_01436	43.564	101	56	1	867	966	34	134	1.43e-18	86.3	Cellulomonas_fulva
AAW62376.2	EKNMMA_01161	41.584	101	58	1	867	966	34	134	7.84e-18	84.7	Cellulomonas_fulva
AAW62376.2	EKNMMA_01336	37.624	101	62	1	867	966	34	134	1.60e-13	71.6	Cellulomonas_fulva
AAW62376.2	EKNMMA_02540	38.776	98	59	1	870	966	24	121	3.39e-13	70.1	Cellulomonas_fulva
AAW62376.2	EKNMMA_03166	24.843	479	256	21	98	510	510	950	6.29e-11	63.2	Cellulomonas_fulva
ABD96969.1	EKNMMA_00794	81.967	61	11	0	69	129	80	140	5.28e-31	111	Cellulomonas_fulva
ABD96969.1	EKNMMA_01933	49.091	55	28	0	70	124	85	139	4.76e-15	67.0	Cellulomonas_fulva
ABD96969.1	EKNMMA_00209	41.250	80	46	1	49	128	221	299	1.88e-14	65.5	Cellulomonas_fulva
AAD48494.3	EKNMMA_02512	74.483	435	104	5	1	434	1	429	0.0	651	Cellulomonas_fulva
AAD48494.3	EKNMMA_02512	69.231	78	24	0	495	572	586	663	1.07e-22	99.0	Cellulomonas_fulva
AAD48494.3	EKNMMA_02513	58.750	80	33	0	495	574	680	759	2.93e-25	107	Cellulomonas_fulva
AAD48494.3	EKNMMA_00930	60.241	83	33	0	492	574	854	936	5.70e-25	106	Cellulomonas_fulva
AAD48494.3	EKNMMA_01476	61.538	78	30	0	495	572	1009	1086	5.89e-24	103	Cellulomonas_fulva
AAD48494.3	EKNMMA_00209	56.410	78	34	0	495	572	612	689	1.01e-22	99.0	Cellulomonas_fulva
AAD48494.3	EKNMMA_01933	56.962	79	34	0	496	574	416	494	1.64e-22	97.8	Cellulomonas_fulva
AAD48494.3	EKNMMA_00825	55.128	78	34	1	495	572	884	960	2.63e-20	92.0	Cellulomonas_fulva
AAD48494.3	EKNMMA_01336	52.632	76	36	0	497	572	59	134	2.24e-17	82.4	Cellulomonas_fulva
AAD48494.3	EKNMMA_01161	51.282	78	38	0	497	574	59	136	3.37e-16	78.2	Cellulomonas_fulva
AAD48494.3	EKNMMA_01436	39.474	76	46	0	497	572	59	134	2.84e-12	65.5	Cellulomonas_fulva
AAW62376.2	MLNONE_00021	81.661	927	167	3	42	966	36	961	0.0	1500	Cellulomonas_gilvus
AAW62376.2	MLNONE_01726	52.795	322	129	9	660	966	473	786	9.00e-76	261	Cellulomonas_gilvus
AAW62376.2	MLNONE_01726	55.752	113	44	3	751	861	466	574	1.32e-18	87.8	Cellulomonas_gilvus
AAW62376.2	MLNONE_02714	57.190	306	117	8	665	966	701	996	1.26e-74	262	Cellulomonas_gilvus
AAW62376.2	MLNONE_00644	54.286	105	47	1	863	966	586	690	3.37e-29	121	Cellulomonas_gilvus
AAW62376.2	MLNONE_03187	53.465	101	46	1	867	966	818	918	8.94e-27	114	Cellulomonas_gilvus
AAW62376.2	MLNONE_01725	56.436	101	43	1	867	966	487	587	1.27e-23	103	Cellulomonas_gilvus
AAW62376.2	MLNONE_01058	47.573	103	53	1	865	966	379	481	4.33e-23	100	Cellulomonas_gilvus
AAW62376.2	MLNONE_03011	47.000	100	52	1	867	965	38	137	2.87e-19	89.4	Cellulomonas_gilvus
AAW62376.2	MLNONE_02767	44.000	100	55	1	867	965	34	133	1.87e-18	85.9	Cellulomonas_gilvus
ABD96969.1	MLNONE_03202	81.967	61	11	0	69	129	76	136	4.76e-31	111	Cellulomonas_gilvus
ABD96969.1	MLNONE_01946	57.647	85	31	1	50	129	98	182	6.10e-24	92.4	Cellulomonas_gilvus
ABD96969.1	MLNONE_00644	43.056	72	40	1	49	120	216	286	4.14e-14	64.3	Cellulomonas_gilvus
ABD96969.1	MLNONE_01058	38.298	94	41	4	29	122	57	133	1.14e-13	63.2	Cellulomonas_gilvus
AAD48494.3	MLNONE_01725	74.169	391	98	3	45	434	42	430	0.0	601	Cellulomonas_gilvus
AAD48494.3	MLNONE_01726	62.500	80	30	0	495	574	709	788	1.01e-27	114	Cellulomonas_gilvus
AAD48494.3	MLNONE_02714	64.103	78	28	0	495	572	919	996	4.52e-25	107	Cellulomonas_gilvus
AAD48494.3	MLNONE_00021	57.692	78	32	1	495	572	885	961	2.62e-22	98.2	Cellulomonas_gilvus
AAD48494.3	MLNONE_03187	56.250	80	35	0	495	574	841	920	3.85e-22	97.4	Cellulomonas_gilvus
AAD48494.3	MLNONE_00644	48.718	78	40	0	495	572	613	690	8.08e-18	83.6	Cellulomonas_gilvus
AAD48494.3	MLNONE_01058	50.000	74	37	0	499	572	408	481	3.16e-17	81.3	Cellulomonas_gilvus
AAD48494.3	MLNONE_03011	48.649	74	38	0	498	571	64	137	2.10e-16	79.0	Cellulomonas_gilvus
AAD48494.3	MLNONE_02767	44.000	75	42	0	497	571	59	133	1.14e-13	69.7	Cellulomonas_gilvus
AAD48494.3	MLNONE_02682	51.471	68	31	2	495	562	398	463	4.41e-11	61.6	Cellulomonas_gilvus
AAW62376.2	BECPHK_01706	76.949	603	137	2	53	653	39	641	0.0	965	Cellulomonas_iranensis
AAW62376.2	BECPHK_01706	67.000	100	33	0	867	966	695	794	6.39e-38	149	Cellulomonas_iranensis
AAW62376.2	BECPHK_03401	61.538	104	39	1	863	965	527	630	3.00e-33	133	Cellulomonas_iranensis
AAW62376.2	BECPHK_02159	60.194	103	40	1	865	966	738	840	2.57e-31	129	Cellulomonas_iranensis
AAW62376.2	BECPHK_00855	56.436	101	43	1	867	966	610	710	3.48e-31	127	Cellulomonas_iranensis
AAW62376.2	BECPHK_01685	53.922	102	46	1	866	966	652	753	6.29e-28	117	Cellulomonas_iranensis
AAW62376.2	BECPHK_02760	47.059	102	53	1	865	965	369	470	2.04e-23	101	Cellulomonas_iranensis
AAW62376.2	BECPHK_03400	42.718	103	58	1	865	966	490	592	7.62e-21	94.4	Cellulomonas_iranensis
AAW62376.2	BECPHK_00871	40.088	227	111	9	663	876	983	1197	5.32e-17	83.2	Cellulomonas_iranensis
AAW62376.2	BECPHK_02389	38.614	101	61	1	867	966	42	142	4.82e-15	75.5	Cellulomonas_iranensis
AAW62376.2	BECPHK_02237	24.295	461	265	16	92	496	521	953	2.06e-12	68.2	Cellulomonas_iranensis
AAW62376.2	BECPHK_00208	24.062	453	290	14	92	507	475	910	4.75e-11	63.5	Cellulomonas_iranensis
ABD96969.1	BECPHK_01788	85.246	61	9	0	69	129	77	137	2.25e-33	118	Cellulomonas_iranensis
ABD96969.1	BECPHK_03373	80.328	61	12	0	69	129	77	137	1.03e-29	108	Cellulomonas_iranensis
ABD96969.1	BECPHK_00431	70.492	61	18	0	69	129	77	137	1.51e-25	96.7	Cellulomonas_iranensis
ABD96969.1	BECPHK_00855	35.802	81	51	1	48	128	231	310	3.22e-12	58.9	Cellulomonas_iranensis
AAD48494.3	BECPHK_03400	61.480	392	146	5	44	434	38	425	1.10e-176	509	Cellulomonas_iranensis
AAD48494.3	BECPHK_03400	63.291	79	28	1	497	574	516	594	8.48e-23	99.4	Cellulomonas_iranensis
AAD48494.3	BECPHK_02159	64.103	78	28	0	494	571	762	839	1.17e-26	111	Cellulomonas_iranensis
AAD48494.3	BECPHK_03401	62.338	77	29	0	495	571	554	630	6.17e-26	108	Cellulomonas_iranensis
AAD48494.3	BECPHK_02760	60.000	80	32	0	495	574	394	473	7.19e-25	104	Cellulomonas_iranensis
AAD48494.3	BECPHK_00855	59.740	77	31	0	495	571	633	709	2.50e-23	101	Cellulomonas_iranensis
AAD48494.3	BECPHK_01706	61.111	72	28	0	502	573	724	795	3.28e-21	94.7	Cellulomonas_iranensis
AAD48494.3	BECPHK_01685	53.846	78	36	0	495	572	676	753	3.29e-21	94.7	Cellulomonas_iranensis
AAD48494.3	BECPHK_03390	60.256	78	31	0	495	572	842	919	1.49e-16	80.1	Cellulomonas_iranensis
AAD48494.3	BECPHK_02389	43.243	74	42	0	499	572	69	142	5.07e-14	71.2	Cellulomonas_iranensis
AAD48494.3	BECPHK_02476	54.688	64	29	0	495	558	396	459	3.25e-13	68.6	Cellulomonas_iranensis
AAW62376.2	HFLLPG_00647	93.597	937	60	0	30	966	1	937	0.0	1687	Cellulomonas_palmilytica
AAW62376.2	HFLLPG_03474	49.836	305	140	7	664	966	796	1089	1.18e-65	236	Cellulomonas_palmilytica
AAW62376.2	HFLLPG_03474	51.124	178	77	6	668	844	705	873	1.50e-25	110	Cellulomonas_palmilytica
AAW62376.2	HFLLPG_03474	58.242	91	33	3	766	856	705	790	4.07e-12	67.0	Cellulomonas_palmilytica
AAW62376.2	HFLLPG_02328	49.010	202	95	4	766	966	519	713	1.07e-44	169	Cellulomonas_palmilytica
AAW62376.2	HFLLPG_02328	48.913	92	43	1	668	759	519	606	1.74e-13	71.2	Cellulomonas_palmilytica
AAW62376.2	HFLLPG_02329	54.286	105	47	1	863	966	486	590	2.44e-29	121	Cellulomonas_palmilytica
AAW62376.2	HFLLPG_01378	55.340	103	45	1	865	966	594	696	7.47e-28	117	Cellulomonas_palmilytica
AAW62376.2	HFLLPG_00367	49.020	102	51	1	865	965	390	491	6.23e-23	100	Cellulomonas_palmilytica
AAW62376.2	HFLLPG_00617	47.059	102	53	1	865	966	836	936	2.23e-21	97.1	Cellulomonas_palmilytica
AAW62376.2	HFLLPG_03135	43.689	103	57	1	864	965	363	465	9.87e-20	90.1	Cellulomonas_palmilytica
AAW62376.2	HFLLPG_00413	48.000	100	51	1	867	965	35	134	2.26e-19	89.0	Cellulomonas_palmilytica
AAW62376.2	HFLLPG_00327	42.708	96	54	1	867	961	38	133	2.41e-17	83.2	Cellulomonas_palmilytica
AAW62376.2	HFLLPG_00042	42.157	102	57	2	867	966	34	135	2.40e-16	79.3	Cellulomonas_palmilytica
AAW62376.2	HFLLPG_01818	41.000	100	58	1	867	966	41	139	5.78e-16	78.2	Cellulomonas_palmilytica
AAW62376.2	HFLLPG_02305	40.594	101	59	1	867	966	28	128	5.30e-14	72.8	Cellulomonas_palmilytica
ABD96969.1	HFLLPG_00767	96.721	61	2	0	69	129	79	139	1.95e-37	129	Cellulomonas_palmilytica
ABD96969.1	HFLLPG_00399	86.885	61	8	0	69	129	75	135	5.93e-34	119	Cellulomonas_palmilytica
ABD96969.1	HFLLPG_00736	70.492	61	18	0	69	129	79	139	7.48e-25	94.7	Cellulomonas_palmilytica
ABD96969.1	HFLLPG_01378	40.000	80	47	1	49	128	227	305	2.60e-14	65.1	Cellulomonas_palmilytica
ABD96969.1	HFLLPG_00573	34.722	72	42	1	56	122	78	149	1.23e-11	57.0	Cellulomonas_palmilytica
AAD48494.3	HFLLPG_02329	86.250	80	11	0	495	574	513	592	2.67e-37	142	Cellulomonas_palmilytica
AAD48494.3	HFLLPG_02328	61.538	78	30	0	495	572	636	713	1.77e-24	104	Cellulomonas_palmilytica
AAD48494.3	HFLLPG_03474	57.692	78	33	0	495	572	1012	1089	2.12e-22	98.6	Cellulomonas_palmilytica
AAD48494.3	HFLLPG_01378	57.692	78	33	0	495	572	619	696	4.25e-22	97.4	Cellulomonas_palmilytica
AAD48494.3	HFLLPG_00367	47.059	102	49	1	470	571	395	491	6.14e-22	95.9	Cellulomonas_palmilytica
AAD48494.3	HFLLPG_00617	55.128	78	35	0	497	574	861	938	1.44e-20	92.8	Cellulomonas_palmilytica
AAD48494.3	HFLLPG_03135	59.740	77	31	0	495	571	389	465	3.59e-20	90.1	Cellulomonas_palmilytica
AAD48494.3	HFLLPG_00647	55.128	78	34	1	495	572	861	937	1.16e-18	86.7	Cellulomonas_palmilytica
AAD48494.3	HFLLPG_00327	55.072	69	31	0	499	567	65	133	3.05e-16	78.6	Cellulomonas_palmilytica
AAD48494.3	HFLLPG_01818	51.351	74	36	0	498	571	65	138	3.43e-15	74.7	Cellulomonas_palmilytica
AAD48494.3	HFLLPG_00413	45.205	73	40	0	499	571	62	134	1.01e-13	70.1	Cellulomonas_palmilytica
AAD48494.3	HFLLPG_02305	42.105	76	44	0	499	574	55	130	3.75e-12	65.9	Cellulomonas_palmilytica
AAD48494.3	HFLLPG_00090	45.070	71	37	1	495	563	637	707	3.23e-11	62.8	Cellulomonas_palmilytica
AAW62376.2	BDPILM_01995	55.987	309	124	5	659	966	783	1080	2.63e-76	268	Cellulomonas_soli
AAW62376.2	BDPILM_03444	50.479	313	135	7	663	966	473	774	2.86e-60	217	Cellulomonas_soli
AAW62376.2	BDPILM_03444	51.724	87	35	2	662	745	572	654	7.70e-14	72.4	Cellulomonas_soli
AAW62376.2	BDPILM_03445	56.436	101	43	1	867	966	497	597	3.08e-29	120	Cellulomonas_soli
AAW62376.2	BDPILM_03455	53.922	102	46	1	866	966	828	929	3.15e-26	112	Cellulomonas_soli
AAW62376.2	BDPILM_01065	39.583	96	57	1	867	961	34	129	2.07e-13	70.5	Cellulomonas_soli
AAW62376.2	BDPILM_01504	36.000	100	63	1	867	965	42	141	3.74e-13	69.7	Cellulomonas_soli
AAD48494.3	BDPILM_03445	62.750	400	145	4	35	433	38	434	0.0	525	Cellulomonas_soli
AAD48494.3	BDPILM_03445	58.442	77	32	0	495	571	520	596	2.94e-22	97.4	Cellulomonas_soli
AAD48494.3	BDPILM_01995	58.974	78	32	0	495	572	1003	1080	7.11e-24	103	Cellulomonas_soli
AAD48494.3	BDPILM_03444	58.750	80	33	0	495	574	697	776	7.84e-24	102	Cellulomonas_soli
AAD48494.3	BDPILM_03455	55.128	78	35	0	495	572	852	929	2.99e-20	92.0	Cellulomonas_soli
AAD48494.3	BDPILM_00898	54.930	71	27	2	495	565	397	462	8.35e-13	67.4	Cellulomonas_soli
AAD48494.3	BDPILM_01065	43.478	69	39	0	499	567	61	129	1.43e-11	63.5	Cellulomonas_soli
AAD48494.3	BDPILM_01504	42.857	70	40	0	502	571	72	141	1.61e-11	63.2	Cellulomonas_soli
AAW62376.2	MOABDA_03466	73.118	837	220	4	19	852	5	839	0.0	1176	Cellulomonas_terrae
AAW62376.2	MOABDA_03466	61.765	306	112	4	663	966	748	1050	2.18e-81	282	Cellulomonas_terrae
AAW62376.2	MOABDA_00789	54.348	322	124	8	658	966	429	740	1.23e-74	258	Cellulomonas_terrae
AAW62376.2	MOABDA_02556	49.201	313	154	5	656	966	607	916	1.56e-61	223	Cellulomonas_terrae
AAW62376.2	MOABDA_02653	46.842	190	94	4	668	856	169	352	3.40e-29	121	Cellulomonas_terrae
AAW62376.2	MOABDA_02653	45.098	102	55	1	661	762	257	357	3.99e-13	70.1	Cellulomonas_terrae
AAW62376.2	MOABDA_00801	52.427	103	48	1	865	966	810	912	4.01e-27	115	Cellulomonas_terrae
AAW62376.2	MOABDA_01171	47.573	103	53	1	865	966	390	492	4.22e-25	107	Cellulomonas_terrae
AAW62376.2	MOABDA_00639	43.243	185	96	3	660	844	768	943	1.15e-24	107	Cellulomonas_terrae
AAW62376.2	MOABDA_02646	44.660	103	55	2	864	966	30	130	1.04e-19	89.4	Cellulomonas_terrae
AAW62376.2	MOABDA_04061	40.952	105	60	2	864	966	157	261	8.19e-18	85.1	Cellulomonas_terrae
AAW62376.2	MOABDA_02554	39.604	101	60	1	867	966	34	134	2.53e-17	83.2	Cellulomonas_terrae
AAW62376.2	MOABDA_00005	43.750	96	53	1	867	961	34	129	8.34e-17	82.0	Cellulomonas_terrae
AAW62376.2	MOABDA_00071	39.000	100	60	1	867	966	356	454	4.73e-16	78.6	Cellulomonas_terrae
AAW62376.2	MOABDA_01523	42.000	100	56	2	864	962	34	132	1.25e-15	77.4	Cellulomonas_terrae
AAW62376.2	MOABDA_03944	36.508	126	73	4	845	965	21	144	1.89e-12	67.8	Cellulomonas_terrae
ABD96969.1	MOABDA_04060	77.049	61	14	0	69	129	82	142	9.91e-28	103	Cellulomonas_terrae
ABD96969.1	MOABDA_01171	47.000	100	36	4	29	128	58	140	2.17e-20	82.4	Cellulomonas_terrae
ABD96969.1	MOABDA_03411	34.127	126	74	5	11	128	703	827	3.58e-11	56.2	Cellulomonas_terrae
AAD48494.3	MOABDA_00789	64.010	414	139	7	30	440	23	429	0.0	543	Cellulomonas_terrae
AAD48494.3	MOABDA_00789	66.667	78	26	0	495	572	663	740	1.08e-25	108	Cellulomonas_terrae
AAD48494.3	MOABDA_00801	64.557	79	28	0	496	574	836	914	4.07e-25	107	Cellulomonas_terrae
AAD48494.3	MOABDA_03466	60.563	71	28	0	502	572	980	1050	3.03e-22	98.2	Cellulomonas_terrae
AAD48494.3	MOABDA_02556	53.247	77	36	0	495	571	839	915	1.65e-20	92.8	Cellulomonas_terrae
AAD48494.3	MOABDA_01171	51.948	77	37	0	496	572	416	492	1.73e-20	91.7	Cellulomonas_terrae
AAD48494.3	MOABDA_02554	50.000	74	37	0	499	572	61	134	6.75e-17	80.5	Cellulomonas_terrae
AAD48494.3	MOABDA_00071	48.000	75	39	0	498	572	380	454	2.59e-16	78.6	Cellulomonas_terrae
AAD48494.3	MOABDA_02646	45.946	74	40	0	498	571	56	129	3.37e-15	74.3	Cellulomonas_terrae
AAD48494.3	MOABDA_00398	48.750	80	35	2	493	572	396	469	9.74e-14	70.5	Cellulomonas_terrae
AAD48494.3	MOABDA_04061	44.000	75	42	0	497	571	186	260	2.14e-13	69.7	Cellulomonas_terrae
AAD48494.3	MOABDA_01523	39.796	98	52	2	477	567	34	131	2.95e-12	65.9	Cellulomonas_terrae
AAD48494.3	MOABDA_00005	42.857	70	40	0	498	567	60	129	2.59e-11	63.2	Cellulomonas_terrae
AAD48494.3	MOABDA_01872	49.180	61	31	0	497	557	339	399	7.23e-11	61.2	Cellulomonas_terrae
AAW62376.2	EIOMPE_01463	99.275	966	7	0	1	966	1	966	0.0	1933	Cellulomonas_uda
AAW62376.2	EIOMPE_02951	51.974	304	133	7	665	966	795	1087	8.05e-66	237	Cellulomonas_uda
AAW62376.2	EIOMPE_02951	50.679	221	92	8	663	882	698	902	7.78e-26	111	Cellulomonas_uda
AAW62376.2	EIOMPE_02951	56.863	102	39	3	755	856	692	788	1.37e-13	71.6	Cellulomonas_uda
AAW62376.2	EIOMPE_00922	51.220	205	92	4	763	966	516	713	5.46e-46	173	Cellulomonas_uda
AAW62376.2	EIOMPE_00922	50.000	90	41	1	665	754	516	601	1.12e-14	74.7	Cellulomonas_uda
AAW62376.2	EIOMPE_00921	56.604	106	45	1	862	966	491	596	9.66e-31	125	Cellulomonas_uda
AAW62376.2	EIOMPE_02554	50.962	104	48	3	865	966	599	701	6.45e-25	107	Cellulomonas_uda
AAW62376.2	EIOMPE_01659	50.495	101	49	1	867	966	389	489	6.45e-24	103	Cellulomonas_uda
AAW62376.2	EIOMPE_01489	48.000	100	51	1	867	966	824	922	2.90e-22	99.8	Cellulomonas_uda
AAW62376.2	EIOMPE_00178	43.000	100	56	1	867	965	374	473	3.85e-21	94.4	Cellulomonas_uda
AAW62376.2	EIOMPE_01622	48.000	100	51	1	867	965	35	134	5.13e-20	90.9	Cellulomonas_uda
AAW62376.2	EIOMPE_01689	47.917	96	49	1	867	961	38	133	2.08e-19	89.7	Cellulomonas_uda
AAW62376.2	EIOMPE_02850	42.157	102	57	2	867	966	34	135	3.18e-18	85.1	Cellulomonas_uda
AAW62376.2	EIOMPE_02055	43.000	100	56	1	867	966	41	139	6.39e-18	84.0	Cellulomonas_uda
AAW62376.2	EIOMPE_00949	42.574	101	57	1	867	966	40	140	1.85e-12	67.8	Cellulomonas_uda
AAW62376.2	EIOMPE_02871	40.196	102	59	2	867	966	38	139	7.05e-12	65.5	Cellulomonas_uda
AAW62376.2	EIOMPE_01165	44.578	83	43	3	867	947	433	514	8.27e-11	62.0	Cellulomonas_uda
ABD96969.1	EIOMPE_01361	96.721	61	2	0	69	129	79	139	1.43e-37	129	Cellulomonas_uda
ABD96969.1	EIOMPE_01634	88.525	61	7	0	69	129	75	135	5.33e-34	119	Cellulomonas_uda
ABD96969.1	EIOMPE_01372	75.410	61	15	0	69	129	79	139	5.95e-27	100	Cellulomonas_uda
ABD96969.1	EIOMPE_02554	41.250	80	46	1	49	128	226	304	8.98e-15	66.2	Cellulomonas_uda
ABD96969.1	EIOMPE_01530	36.620	71	40	1	56	121	80	150	2.94e-12	58.9	Cellulomonas_uda
AAD48494.3	EIOMPE_00921	89.116	441	45	3	1	440	1	439	0.0	736	Cellulomonas_uda
AAD48494.3	EIOMPE_00922	62.821	78	29	0	495	572	636	713	5.78e-25	106	Cellulomonas_uda
AAD48494.3	EIOMPE_00178	59.740	77	31	0	495	571	397	473	6.65e-24	101	Cellulomonas_uda
AAD48494.3	EIOMPE_01489	58.974	78	32	0	497	574	847	924	9.71e-23	99.4	Cellulomonas_uda
AAD48494.3	EIOMPE_02951	57.692	78	33	0	495	572	1010	1087	1.62e-22	99.0	Cellulomonas_uda
AAD48494.3	EIOMPE_02554	53.750	80	37	0	495	574	624	703	2.64e-20	91.7	Cellulomonas_uda
AAD48494.3	EIOMPE_01659	54.667	75	34	0	497	571	414	488	3.41e-20	90.5	Cellulomonas_uda
AAD48494.3	EIOMPE_01463	56.410	78	33	1	495	572	890	966	1.03e-19	90.1	Cellulomonas_uda
AAD48494.3	EIOMPE_02055	53.333	75	35	0	497	571	64	138	8.49e-17	79.3	Cellulomonas_uda
AAD48494.3	EIOMPE_01622	43.836	73	41	0	499	571	62	134	1.56e-13	69.7	Cellulomonas_uda
AAD48494.3	EIOMPE_01689	45.714	70	38	0	498	567	64	133	2.04e-13	69.3	Cellulomonas_uda
AAD48494.3	EIOMPE_01165	52.542	59	28	0	495	553	456	514	2.57e-12	65.9	Cellulomonas_uda
AAW62376.2	PDPNMP_00020	78.512	605	128	2	57	659	45	649	0.0	975	Cellulomonas_wangleii
AAW62376.2	PDPNMP_00020	65.347	101	35	0	866	966	708	808	2.69e-38	150	Cellulomonas_wangleii
AAW62376.2	PDPNMP_03657	47.962	319	154	5	656	966	612	926	3.73e-67	239	Cellulomonas_wangleii
AAW62376.2	PDPNMP_03219	59.434	106	42	1	862	966	736	841	2.26e-32	132	Cellulomonas_wangleii
AAW62376.2	PDPNMP_00964	55.455	110	46	2	860	966	574	683	5.90e-32	130	Cellulomonas_wangleii
AAW62376.2	PDPNMP_01934	58.095	105	43	1	863	966	528	632	3.04e-31	127	Cellulomonas_wangleii
AAW62376.2	PDPNMP_02540	47.573	103	53	1	865	966	379	481	9.04e-25	105	Cellulomonas_wangleii
AAW62376.2	PDPNMP_01439	41.748	206	111	5	665	870	37	233	5.03e-24	104	Cellulomonas_wangleii
AAW62376.2	PDPNMP_01935	44.860	107	59	0	860	966	494	600	1.18e-22	100	Cellulomonas_wangleii
AAW62376.2	PDPNMP_03115	42.574	101	57	1	867	966	33	133	1.17e-18	88.2	Cellulomonas_wangleii
AAW62376.2	PDPNMP_03648	43.564	101	56	1	867	966	41	141	7.73e-17	82.0	Cellulomonas_wangleii
AAW62376.2	PDPNMP_00389	39.604	101	60	1	867	966	34	134	3.37e-16	79.7	Cellulomonas_wangleii
AAW62376.2	PDPNMP_00934	35.274	292	158	12	589	865	924	1199	5.82e-16	79.7	Cellulomonas_wangleii
AAW62376.2	PDPNMP_03236	42.000	100	57	1	866	965	38	136	3.20e-15	75.9	Cellulomonas_wangleii
AAW62376.2	PDPNMP_03093	37.500	104	63	2	865	966	373	476	3.47e-15	77.0	Cellulomonas_wangleii
AAW62376.2	PDPNMP_01535	25.721	451	261	18	93	496	488	911	5.46e-15	76.3	Cellulomonas_wangleii
AAW62376.2	PDPNMP_02989	34.653	101	65	1	867	966	43	143	2.87e-13	70.1	Cellulomonas_wangleii
ABD96969.1	PDPNMP_00400	75.410	61	15	0	69	129	78	138	6.45e-29	106	Cellulomonas_wangleii
ABD96969.1	PDPNMP_03645	75.410	61	15	0	69	129	80	140	1.04e-27	102	Cellulomonas_wangleii
ABD96969.1	PDPNMP_03093	70.000	60	18	0	70	129	77	136	1.70e-25	97.1	Cellulomonas_wangleii
ABD96969.1	PDPNMP_02518	72.131	61	17	0	69	129	76	136	2.23e-25	96.3	Cellulomonas_wangleii
ABD96969.1	PDPNMP_00964	40.000	60	36	0	69	128	233	292	2.98e-13	62.0	Cellulomonas_wangleii
ABD96969.1	PDPNMP_03642	37.500	56	35	0	69	124	97	152	5.59e-12	58.2	Cellulomonas_wangleii
AAD48494.3	PDPNMP_01935	57.763	438	176	8	5	440	1	431	9.12e-173	499	Cellulomonas_wangleii
AAD48494.3	PDPNMP_01935	67.105	76	25	0	497	572	525	600	7.68e-25	105	Cellulomonas_wangleii
AAD48494.3	PDPNMP_01934	71.429	77	22	0	496	572	556	632	1.11e-29	120	Cellulomonas_wangleii
AAD48494.3	PDPNMP_03219	64.557	79	28	0	494	572	763	841	6.25e-27	112	Cellulomonas_wangleii
AAD48494.3	PDPNMP_00964	61.039	77	30	0	495	571	606	682	1.65e-24	104	Cellulomonas_wangleii
AAD48494.3	PDPNMP_00020	65.714	70	24	0	502	571	738	807	6.29e-24	103	Cellulomonas_wangleii
AAD48494.3	PDPNMP_03657	58.974	78	32	0	495	572	849	926	1.72e-23	102	Cellulomonas_wangleii
AAD48494.3	PDPNMP_02540	53.947	76	35	0	499	574	408	483	7.26e-21	92.4	Cellulomonas_wangleii
AAD48494.3	PDPNMP_03093	49.367	79	39	1	497	574	400	478	1.34e-17	83.2	Cellulomonas_wangleii
AAD48494.3	PDPNMP_03115	52.000	75	36	0	498	572	59	133	1.77e-17	82.8	Cellulomonas_wangleii
AAD48494.3	PDPNMP_00389	52.632	76	36	0	499	574	61	136	2.18e-17	82.0	Cellulomonas_wangleii
AAD48494.3	PDPNMP_03648	48.000	75	39	0	498	572	67	141	1.29e-14	73.6	Cellulomonas_wangleii
AAD48494.3	PDPNMP_03236	51.351	74	36	0	498	571	63	136	2.84e-14	71.6	Cellulomonas_wangleii
AAD48494.3	PDPNMP_02989	45.946	74	40	0	499	572	70	143	3.83e-14	71.6	Cellulomonas_wangleii
AAW62376.2	HOFFNE_00018	78.361	610	130	2	53	660	41	650	0.0	976	Cellulomonas_wangsupingiae
AAW62376.2	HOFFNE_00018	66.990	103	34	0	864	966	692	794	1.01e-39	155	Cellulomonas_wangsupingiae
AAW62376.2	HOFFNE_03692	50.789	317	145	7	656	966	607	918	8.50e-68	241	Cellulomonas_wangsupingiae
AAW62376.2	HOFFNE_03297	57.143	112	47	1	856	966	718	829	8.48e-33	133	Cellulomonas_wangsupingiae
AAW62376.2	HOFFNE_01963	57.143	105	44	1	863	966	518	622	1.34e-30	125	Cellulomonas_wangsupingiae
AAW62376.2	HOFFNE_00928	54.455	101	45	1	867	966	589	689	3.16e-30	124	Cellulomonas_wangsupingiae
AAW62376.2	HOFFNE_02601	48.544	103	52	1	865	966	369	471	4.37e-24	103	Cellulomonas_wangsupingiae
AAW62376.2	HOFFNE_01964	46.154	104	56	0	863	966	484	587	1.49e-23	103	Cellulomonas_wangsupingiae
AAW62376.2	HOFFNE_01425	43.478	184	95	5	687	870	54	228	2.07e-22	99.4	Cellulomonas_wangsupingiae
AAW62376.2	HOFFNE_03193	46.535	101	53	1	867	966	32	132	2.74e-20	93.2	Cellulomonas_wangsupingiae
AAW62376.2	HOFFNE_03684	44.554	101	55	1	867	966	28	128	1.02e-17	84.7	Cellulomonas_wangsupingiae
AAW62376.2	HOFFNE_03313	41.000	100	58	1	867	966	39	137	2.40e-17	82.4	Cellulomonas_wangsupingiae
AAW62376.2	HOFFNE_00393	38.614	101	61	1	867	966	34	134	2.49e-16	80.1	Cellulomonas_wangsupingiae
AAW62376.2	HOFFNE_03168	39.423	104	61	2	865	966	378	481	4.87e-16	79.7	Cellulomonas_wangsupingiae
AAW62376.2	HOFFNE_03028	38.462	104	62	2	864	966	41	143	4.52e-14	72.4	Cellulomonas_wangsupingiae
AAW62376.2	HOFFNE_03029	38.462	104	62	2	864	966	41	143	5.06e-14	72.4	Cellulomonas_wangsupingiae
ABD96969.1	HOFFNE_03680	77.049	61	14	0	69	129	80	140	4.20e-30	109	Cellulomonas_wangsupingiae
ABD96969.1	HOFFNE_01266	71.667	60	17	0	70	129	79	138	4.23e-27	101	Cellulomonas_wangsupingiae
ABD96969.1	HOFFNE_03168	44.882	127	57	3	13	129	13	136	2.13e-26	99.8	Cellulomonas_wangsupingiae
ABD96969.1	HOFFNE_02582	70.492	61	18	0	69	129	74	134	1.82e-25	96.7	Cellulomonas_wangsupingiae
ABD96969.1	HOFFNE_00928	36.667	60	38	0	69	128	233	292	2.57e-12	59.3	Cellulomonas_wangsupingiae
AAD48494.3	HOFFNE_01964	57.569	436	178	6	7	440	1	431	5.85e-179	515	Cellulomonas_wangsupingiae
AAD48494.3	HOFFNE_01964	64.935	77	27	0	498	574	513	589	6.62e-25	105	Cellulomonas_wangsupingiae
AAD48494.3	HOFFNE_01963	66.667	78	26	0	495	572	545	622	1.12e-27	114	Cellulomonas_wangsupingiae
AAD48494.3	HOFFNE_03297	65.823	79	27	0	494	572	751	829	2.66e-27	114	Cellulomonas_wangsupingiae
AAD48494.3	HOFFNE_00928	61.728	81	31	0	494	574	611	691	5.77e-27	112	Cellulomonas_wangsupingiae
AAD48494.3	HOFFNE_03692	58.974	78	32	0	495	572	841	918	1.22e-23	102	Cellulomonas_wangsupingiae
AAD48494.3	HOFFNE_00018	56.250	80	34	1	492	571	715	793	8.21e-22	96.7	Cellulomonas_wangsupingiae
AAD48494.3	HOFFNE_02601	55.844	77	34	0	497	573	396	472	5.87e-21	92.8	Cellulomonas_wangsupingiae
AAD48494.3	HOFFNE_03168	52.564	78	36	1	498	574	406	483	2.96e-18	85.5	Cellulomonas_wangsupingiae
AAD48494.3	HOFFNE_00393	50.000	76	38	0	499	574	61	136	2.02e-16	79.0	Cellulomonas_wangsupingiae
AAD48494.3	HOFFNE_03193	50.667	75	37	0	498	572	58	132	4.59e-16	78.2	Cellulomonas_wangsupingiae
AAD48494.3	HOFFNE_03313	52.703	74	35	0	498	571	63	136	4.90e-16	77.4	Cellulomonas_wangsupingiae
AAD48494.3	HOFFNE_03029	50.000	74	37	0	499	572	70	143	5.22e-16	77.4	Cellulomonas_wangsupingiae
AAD48494.3	HOFFNE_03028	50.000	74	37	0	499	572	70	143	6.14e-16	77.0	Cellulomonas_wangsupingiae
AAD48494.3	HOFFNE_03684	45.946	74	40	0	499	572	55	128	2.29e-14	72.8	Cellulomonas_wangsupingiae
AAD48494.3	HOFFNE_02906	57.812	64	27	0	495	558	401	464	2.86e-14	72.0	Cellulomonas_wangsupingiae
AAD48494.3	HOFFNE_01593	45.588	68	37	0	495	562	621	688	4.37e-11	62.4	Cellulomonas_wangsupingiae
AAW62376.2	HKBFEA_00018	76.733	606	139	2	57	660	45	650	0.0	958	Cellulomonas_xiejunii
AAW62376.2	HKBFEA_00018	66.337	101	34	0	866	966	711	811	4.24e-39	153	Cellulomonas_xiejunii
AAW62376.2	HKBFEA_01920	60.000	105	41	1	863	966	534	638	9.87e-33	132	Cellulomonas_xiejunii
AAW62376.2	HKBFEA_03227	59.434	106	42	1	862	966	737	842	2.73e-32	132	Cellulomonas_xiejunii
AAW62376.2	HKBFEA_00931	58.416	101	41	1	867	966	593	693	1.02e-31	129	Cellulomonas_xiejunii
AAW62376.2	HKBFEA_03704	59.406	101	40	1	867	966	665	765	2.13e-29	122	Cellulomonas_xiejunii
AAW62376.2	HKBFEA_02535	46.667	105	55	1	863	966	380	484	1.26e-24	105	Cellulomonas_xiejunii
AAW62376.2	HKBFEA_01921	48.039	102	53	0	865	966	490	591	2.04e-19	90.1	Cellulomonas_xiejunii
AAW62376.2	HKBFEA_03125	42.157	102	57	2	867	966	34	135	2.86e-18	86.7	Cellulomonas_xiejunii
AAW62376.2	HKBFEA_03693	43.564	101	56	1	867	966	40	140	1.94e-17	84.0	Cellulomonas_xiejunii
AAW62376.2	HKBFEA_03242	42.424	99	56	1	867	965	39	136	1.10e-16	80.5	Cellulomonas_xiejunii
AAW62376.2	HKBFEA_00404	39.604	101	60	1	867	966	34	134	3.01e-16	79.7	Cellulomonas_xiejunii
AAW62376.2	HKBFEA_02965	40.594	101	59	1	867	966	43	143	1.59e-15	77.0	Cellulomonas_xiejunii
AAW62376.2	HKBFEA_02966	36.634	101	63	1	867	966	43	143	9.72e-15	74.7	Cellulomonas_xiejunii
AAW62376.2	HKBFEA_03106	35.577	104	65	2	865	966	375	478	7.96e-14	72.4	Cellulomonas_xiejunii
AAW62376.2	HKBFEA_03642	42.697	89	49	2	864	951	468	555	1.06e-11	65.1	Cellulomonas_xiejunii
AAW62376.2	HKBFEA_01505	24.406	463	274	17	93	507	488	922	4.33e-11	63.9	Cellulomonas_xiejunii
ABD96969.1	HKBFEA_02515	86.885	61	8	0	69	129	78	138	2.99e-33	118	Cellulomonas_xiejunii
ABD96969.1	HKBFEA_03689	80.328	61	12	0	69	129	80	140	2.42e-29	107	Cellulomonas_xiejunii
ABD96969.1	HKBFEA_03672	78.689	61	13	0	69	129	76	136	3.12e-29	107	Cellulomonas_xiejunii
ABD96969.1	HKBFEA_03106	75.000	60	15	0	70	129	77	136	2.58e-27	102	Cellulomonas_xiejunii
ABD96969.1	HKBFEA_01270	70.492	61	18	0	69	129	79	139	1.72e-24	94.0	Cellulomonas_xiejunii
ABD96969.1	HKBFEA_00931	36.667	60	38	0	69	128	233	292	2.81e-12	59.3	Cellulomonas_xiejunii
ABD96969.1	HKBFEA_03676	37.500	56	35	0	69	124	93	148	8.60e-12	57.8	Cellulomonas_xiejunii
AAD48494.3	HKBFEA_01921	58.313	415	165	6	44	454	38	448	1.70e-172	499	Cellulomonas_xiejunii
AAD48494.3	HKBFEA_01921	61.842	76	29	0	497	572	516	591	2.47e-23	100	Cellulomonas_xiejunii
AAD48494.3	HKBFEA_01920	66.667	78	26	0	495	572	561	638	2.89e-28	116	Cellulomonas_xiejunii
AAD48494.3	HKBFEA_03227	66.667	78	26	0	495	572	765	842	8.18e-28	115	Cellulomonas_xiejunii
AAD48494.3	HKBFEA_00931	65.385	78	27	0	495	572	616	693	2.02e-26	110	Cellulomonas_xiejunii
AAD48494.3	HKBFEA_03704	60.256	78	31	0	495	572	688	765	4.29e-24	103	Cellulomonas_xiejunii
AAD48494.3	HKBFEA_00018	56.250	80	34	1	492	571	732	810	2.07e-21	95.5	Cellulomonas_xiejunii
AAD48494.3	HKBFEA_02535	53.247	77	36	0	496	572	408	484	8.58e-21	92.4	Cellulomonas_xiejunii
AAD48494.3	HKBFEA_00404	53.947	76	35	0	499	574	61	136	8.78e-18	83.2	Cellulomonas_xiejunii
AAD48494.3	HKBFEA_03106	48.193	83	41	2	493	574	399	480	1.36e-17	83.2	Cellulomonas_xiejunii
AAD48494.3	HKBFEA_03125	51.316	76	36	1	498	572	60	135	3.17e-17	82.0	Cellulomonas_xiejunii
AAD48494.3	HKBFEA_02966	48.649	74	38	0	499	572	70	143	2.09e-16	78.6	Cellulomonas_xiejunii
AAD48494.3	HKBFEA_02965	50.000	74	37	0	499	572	70	143	8.12e-15	73.9	Cellulomonas_xiejunii
AAD48494.3	HKBFEA_02843	56.061	66	29	0	495	560	409	474	1.87e-14	72.8	Cellulomonas_xiejunii
AAD48494.3	HKBFEA_03693	46.667	75	40	0	498	572	66	140	1.99e-14	73.2	Cellulomonas_xiejunii
AAD48494.3	HKBFEA_03654	54.795	73	29	1	495	563	434	506	6.61e-13	67.8	Cellulomonas_xiejunii
AAD48494.3	HKBFEA_03242	45.946	74	40	0	498	571	63	136	7.52e-13	67.4	Cellulomonas_xiejunii
AAW62376.2	GJECLK_03694	72.401	837	225	5	19	852	5	838	0.0	1221	Cellulomonas_xylanilytica
AAW62376.2	GJECLK_03694	64.706	306	103	4	663	966	747	1049	1.42e-92	314	Cellulomonas_xylanilytica
AAW62376.2	GJECLK_03937	49.728	368	151	11	610	966	396	740	1.31e-74	258	Cellulomonas_xylanilytica
AAW62376.2	GJECLK_00957	52.903	310	130	8	663	966	794	1093	5.77e-69	247	Cellulomonas_xylanilytica
AAW62376.2	GJECLK_01084	49.521	313	154	4	656	966	607	917	2.84e-63	228	Cellulomonas_xylanilytica
AAW62376.2	GJECLK_03936	60.839	143	53	2	825	966	13	153	1.09e-42	149	Cellulomonas_xylanilytica
AAW62376.2	GJECLK_03590	46.053	304	141	7	665	960	630	918	9.37e-37	146	Cellulomonas_xylanilytica
AAW62376.2	GJECLK_01309	46.561	189	96	4	668	856	169	352	1.98e-28	119	Cellulomonas_xylanilytica
AAW62376.2	GJECLK_01309	47.423	97	50	1	661	757	257	352	1.38e-12	68.6	Cellulomonas_xylanilytica
AAW62376.2	GJECLK_03949	51.923	104	49	1	864	966	813	916	1.46e-25	110	Cellulomonas_xylanilytica
AAW62376.2	GJECLK_00374	43.636	165	84	3	687	851	816	971	8.48e-23	102	Cellulomonas_xylanilytica
AAW62376.2	GJECLK_02249	44.554	101	55	1	867	966	387	487	1.15e-22	99.8	Cellulomonas_xylanilytica
AAW62376.2	GJECLK_00966	45.000	100	54	1	867	966	32	130	1.05e-20	92.8	Cellulomonas_xylanilytica
AAW62376.2	GJECLK_04152	42.574	101	57	1	867	966	34	134	3.47e-18	86.7	Cellulomonas_xylanilytica
AAW62376.2	GJECLK_02829	41.000	100	58	1	867	966	356	454	6.04e-18	84.7	Cellulomonas_xylanilytica
AAW62376.2	GJECLK_02047	40.594	101	59	1	867	966	154	254	9.41e-18	84.7	Cellulomonas_xylanilytica
AAW62376.2	GJECLK_01078	39.604	101	60	1	867	966	34	134	2.02e-17	83.6	Cellulomonas_xylanilytica
AAW62376.2	GJECLK_00775	39.806	103	60	2	864	965	32	133	2.74e-15	76.3	Cellulomonas_xylanilytica
AAW62376.2	GJECLK_01089	36.634	101	63	1	867	966	35	135	1.01e-14	74.7	Cellulomonas_xylanilytica
AAW62376.2	GJECLK_00686	39.683	126	69	4	845	965	19	142	8.78e-14	72.0	Cellulomonas_xylanilytica
AAW62376.2	GJECLK_01299	24.769	432	267	13	98	490	170	582	4.99e-13	69.7	Cellulomonas_xylanilytica
AAW62376.2	GJECLK_00638	45.238	84	44	1	874	957	389	470	2.14e-11	64.3	Cellulomonas_xylanilytica
ABD96969.1	GJECLK_03583	73.770	61	16	0	69	129	81	141	1.69e-26	99.8	Cellulomonas_xylanilytica
ABD96969.1	GJECLK_02249	57.627	59	25	0	70	128	83	141	6.63e-19	78.2	Cellulomonas_xylanilytica
AAD48494.3	GJECLK_03937	64.039	406	137	6	38	440	30	429	0.0	540	Cellulomonas_xylanilytica
AAD48494.3	GJECLK_03937	62.821	78	29	0	495	572	663	740	2.37e-24	104	Cellulomonas_xylanilytica
AAD48494.3	GJECLK_03936	65.000	80	28	0	495	574	76	155	3.46e-28	107	Cellulomonas_xylanilytica
AAD48494.3	GJECLK_03949	67.532	77	25	0	496	572	840	916	2.57e-25	107	Cellulomonas_xylanilytica
AAD48494.3	GJECLK_00957	62.338	77	29	0	495	571	1016	1092	8.05e-24	103	Cellulomonas_xylanilytica
AAD48494.3	GJECLK_03694	60.563	71	28	0	502	572	979	1049	1.91e-22	99.0	Cellulomonas_xylanilytica
AAD48494.3	GJECLK_01084	58.442	77	32	0	495	571	840	916	3.65e-22	97.8	Cellulomonas_xylanilytica
AAD48494.3	GJECLK_02249	53.247	77	36	0	496	572	411	487	3.27e-21	94.0	Cellulomonas_xylanilytica
AAD48494.3	GJECLK_02829	49.333	75	38	0	498	572	380	454	2.86e-18	84.3	Cellulomonas_xylanilytica
AAD48494.3	GJECLK_00966	48.649	74	38	0	498	571	56	129	2.81e-16	77.8	Cellulomonas_xylanilytica
AAD48494.3	GJECLK_01089	45.946	74	40	0	499	572	62	135	5.35e-16	77.4	Cellulomonas_xylanilytica
AAD48494.3	GJECLK_01078	44.595	74	41	0	499	572	61	134	1.81e-15	76.3	Cellulomonas_xylanilytica
AAD48494.3	GJECLK_00638	50.633	79	33	2	494	572	403	475	3.20e-15	75.1	Cellulomonas_xylanilytica
AAD48494.3	GJECLK_02047	45.333	75	41	0	497	571	179	253	4.40e-14	72.0	Cellulomonas_xylanilytica
AAD48494.3	GJECLK_00775	38.235	102	56	2	477	571	32	133	5.77e-13	67.8	Cellulomonas_xylanilytica
AAD48494.3	GJECLK_04152	41.333	75	44	0	498	572	60	134	1.81e-12	67.0	Cellulomonas_xylanilytica
