Model;#Param;BIC;AICc;lnL;Invariant;Gamma;R;Freq A;Freq T;Freq C;Freq G;A=>T;A=>C;A=>G;T=>A;T=>C;T=>G;C=>A;C=>T;C=>G;G=>A;G=>T;G=>C
T92+G+I;39;8120,306034;7798,094816;-3859,992975;0,823173741;0,486712729;1,704127812;0,209937628;0,209937628;0,290062372;0,290062372;0,038;0,053;0,185;0,038;0,185;0,053;0,038;0,134;0,053;0,134;0,038;0,053
HKY+G+I;41;8121,293885;7782,564746;-3850,222283;0,82293758;0,48093131;1,819306384;0,231576013;0,188299244;0,245339559;0,334785184;0,034;0,044;0,215;0,041;0,158;0,06;0,041;0,121;0,06;0,149;0,034;0,044
TN93+G+I;42;8123,259207;7776,271316;-3846,072635;0,824760545;0,536964311;1,689128483;0,231576013;0,188299244;0,245339559;0,334785184;0,034;0,045;0,148;0,042;0,219;0,061;0,042;0,168;0,061;0,102;0,034;0,045
GTR+G+I;45;8151,171605;7779,408302;-3844,631907;0,826729509;0,547104354;1,691990229;0,231576013;0,188299244;0,245339559;0,334785184;0,038;0,038;0,146;0,047;0,219;0,078;0,036;0,168;0,049;0,101;0,044;0,036
K2+G+I;38;8151,634086;7837,682038;-3880,78931;0,82413996;0,486342862;1,694137284;0,25;0,25;0,25;0,25;0,046;0,046;0,157;0,046;0,157;0,046;0,046;0,157;0,046;0,157;0,046;0,046
TN93+I;41;8164,375948;7825,646808;-3871,763314;0,893201853;n/a;1,595448027;0,231576013;0,188299244;0,245339559;0,334785184;0,036;0,046;0,156;0,044;0,203;0,063;0,044;0,155;0,063;0,108;0,036;0,046
T92+I;38;8164,396686;7850,444638;-3887,170609;0,89489082;n/a;1,601952149;0,209937628;0,209937628;0,290062372;0,290062372;0,04;0,055;0,18;0,04;0,18;0,055;0,04;0,131;0,055;0,131;0,04;0,055
HKY+I;40;8165,182226;7834,711977;-3877,298762;0,895062602;n/a;1,695186622;0,231576013;0,188299244;0,245339559;0,334785184;0,035;0,046;0,21;0,043;0,154;0,062;0,043;0,118;0,062;0,145;0,035;0,046
GTR+I;44;8193,04536;7829,540388;-3870,701094;0,892889332;n/a;1,597880178;0,231576013;0,188299244;0,245339559;0,334785184;0,037;0,046;0,155;0,045;0,202;0,077;0,043;0,155;0,052;0,107;0,043;0,038
K2+I;37;8196,779062;7891,086324;-3908,494106;0,895267634;n/a;1,593254492;0,25;0,25;0,25;0,25;0,048;0,048;0,154;0,048;0,154;0,048;0,048;0,154;0,048;0,154;0,048;0,048
JC+G+I;37;8235,235653;7929,542916;-3927,722402;0,823286035;0,508872216;0,5;0,25;0,25;0,25;0,25;0,083;0,083;0,083;0,083;0,083;0,083;0,083;0,083;0,083;0,083;0,083;0,083
JC+I;36;8280,726486;7983,2932;-3955,600127;0,89335736;n/a;0,5;0,25;0,25;0,25;0,25;0,083;0,083;0,083;0,083;0,083;0,083;0,083;0,083;0,083;0,083;0,083;0,083
TN93+G;41;8317,408611;7978,679472;-3948,279646;n/a;0,0482134;1,606741711;0,231576013;0,188299244;0,245339559;0,334785184;0,035;0,046;0,138;0,043;0,222;0,063;0,043;0,171;0,063;0,095;0,035;0,046
T92+G;38;8322,439718;8008,48767;-3966,192125;n/a;0,048925384;1,619692688;0,209937628;0,209937628;0,290062372;0,290062372;0,039;0,054;0,181;0,039;0,181;0,054;0,039;0,131;0,054;0,131;0,039;0,054
HKY+G;40;8325,181514;7994,711265;-3957,298406;n/a;0,049083295;1,694085905;0,231576013;0,188299244;0,245339559;0,334785184;0,035;0,046;0,21;0,043;0,154;0,062;0,043;0,118;0,062;0,145;0,035;0,046
GTR+G;44;8345,032454;7981,527482;-3946,694641;n/a;0,048291705;1,602704904;0,231576013;0,188299244;0,245339559;0,334785184;0,039;0,045;0,137;0,048;0,221;0,077;0,042;0,169;0,048;0,095;0,043;0,035
K2+G;37;8361,684741;8055,992004;-3990,946946;n/a;0,049113299;1,612281539;0,25;0,25;0,25;0,25;0,048;0,048;0,154;0,048;0,154;0,048;0,048;0,154;0,048;0,154;0,048;0,048
JC+G;36;8446,551948;8149,118661;-4038,512858;n/a;0,047800203;0,5;0,25;0,25;0,25;0,25;0,083;0,083;0,083;0,083;0,083;0,083;0,083;0,083;0,083;0,083;0,083;0,083
TN93;40;8947,352322;8616,882072;-4268,38381;n/a;n/a;1,42274767;0,231576013;0,188299244;0,245339559;0,334785184;0,038;0,049;0,127;0,047;0,217;0,067;0,047;0,167;0,067;0,088;0,038;0,049
T92;37;8964,909934;8659,217197;-4292,559542;n/a;n/a;1,43107576;0,209937628;0,209937628;0,290062372;0,290062372;0,043;0,059;0,173;0,043;0,173;0,059;0,043;0,125;0,059;0,125;0,043;0,059
HKY;39;8971,455895;8649,244676;-4285,567905;n/a;n/a;1,427874082;0,231576013;0,188299244;0,245339559;0,334785184;0,039;0,051;0,196;0,048;0,144;0,069;0,048;0,11;0,069;0,136;0,039;0,051
GTR;43;8973,227915;8617,981413;-4265,92468;n/a;n/a;1,418553526;0,231576013;0,188299244;0,245339559;0,334785184;0,04;0,046;0,126;0,05;0,216;0,087;0,043;0,166;0,052;0,087;0,049;0,038
K2;36;9010,789185;8713,355898;-4320,631476;n/a;n/a;1,427104792;0,25;0,25;0,25;0,25;0,052;0,052;0,147;0,052;0,147;0,052;0,052;0,147;0,052;0,147;0,052;0,052
JC;35;9088,239917;8799,066221;-4364,489151;n/a;n/a;0,5;0,25;0,25;0,25;0,25;0,083;0,083;0,083;0,083;0,083;0,083;0,083;0,083;0,083;0,083;0,083;0,083
